{"A": 0.07421620506799341, "R": 0.05161448614128464, "N": 0.044645808512757915, "D": 0.05362600083855441, "C": 0.02468745716794485, "Q": 0.03425965059141602, "E": 0.0543119256845875, "G": 0.074146941452645, "H": 0.026212984805266227, "I": 0.06791736761895376, "L": 0.09890786849715096, "K": 0.05815568230307968, "M": 0.02499019757964311, "F": 0.04741845974228475, "P": 0.038538003320306206, "S": 0.05722902947649442, "T": 0.05089136455028703, "W": 0.013029956129972148, "Y": 0.03228151231375858, "V": 0.07291909820561925}
